{"cameraMode":{"drawMode":0,"name":"Shaded","section":"Shading Mode"},"sceneLighting":false,"audioPlay":false,"sceneViewState":{"m_AlwaysRefresh":false,"showFog":true,"showSkybox":false,"showFlares":true,"showImageEffects":true,"showParticleSystems":true,"showVisualEffectGraphs":true,"m_FxEnabled":true},"in2DMode":false,"pivot":{"x":-0.21000003814697267,"y":0.6299999952316284,"z":-1.1920928955078126e-7},"rotation":{"x":-0.026329219341278077,"y":0.9684179425239563,"z":-0.21890701353549958,"w":-0.11647605895996094},"size":19.001689910888673,"orthographic":false}